Cluster,Intercept,Coefficients
0,-0.02466088372668296,"[-4.52136204e-06 -4.48528202e-06  1.13994010e-05  8.00003956e-01
  1.99991192e-01]"
1,-0.02459358494633168,"[ 7.99983579e-01  1.99996505e-01 -1.41368286e-05  5.36156685e-06
 -1.37926905e-05]"
2,-0.024665415833377224,"[-7.22799354e-06  7.99999119e-01  6.54372263e-06  1.99997101e-01
  5.51830383e-06]"
